gene_name,,Unnamed: 0,gene_name,feature_id,start,stop,strand,spacer,score,hash,offtarget_score,number_matching
PML,5435,0,PML,ENSG00000140464,73994672,73994702,+,TACATCTCGAAGGAGAAAACACAGTGGACT,0.8243204061136669,602798686121771327,100.0,1
PML,948,0,PML,ENSG00000140464,74012997,74013027,+,CAAATGTTCATTAGGACAGCTCTGGGGTCA,0.7886400464247545,-6164428667820817079,100.0,1
PML,3685,0,PML,ENSG00000140464,73994672,73994702,+,GGGAACACTGTTCGAGAAGCCATGGGGTGG,0.7876605118035622,4923344222223635815,100.0,1
PML,834,0,PML,ENSG00000140464,74010759,74010789,+,TTGTACTCTATGGCAAGAACCCAGAGGTCC,0.7844813420172093,-5188186216463325248,100.0,1
PML,537,0,PML,ENSG00000140464,74006646,74006676,+,TTGCATTGCTAGAAGGAATACCTGAGGCTG,0.7826760551078381,-5991081679487451833,19.481536391653254,4
